<?xml version="1.0" encoding="UTF-8" standalone="yes"?>
<addon id="repository.Desde1909REPO" name="[COLOR white][B]Desde[/B][/COLOR][COLOR red][B]1909[/B][/COLOR]
[COLOR white][B]REPO[/B][/COLOR]" version="1.0" provider-name="by Jonatas Maciel">
    <extension point="xbmc.addon.repository" name="Nome Repository">
        <dir>
            <info compressed="false">https://raw.githubusercontent.com/jonatas183/Desde1909REPO/master/zips/addons.xml</info>
            <checksum>https://raw.githubusercontent.com/jonatas183/Desde1909REPO/master/zips/addons.xml.md5</checksum>
            <datadir zip="true">https://raw.githubusercontent.com/jonatas183/Desde1909REPO/master/zips/</datadir>
        </dir>
    </extension>
    <extension point="xbmc.addon.metadata">
        <summary>[COLOR white][B]Desde[/B][/COLOR][COLOR red][B]1909[/B][/COLOR]
[COLOR white][B]REPO[/B][/COLOR]</summary>
        <description>Addons DESDE1909</description>
        <disclaimer></disclaimer>
        <platform>all</platform>
        <assets>
            <icon>icon.png</icon>
            <fanart>fanart.jpg</fanart>
        </assets>
    </extension>
</addon>