<?xml version="1.0" encoding="UTF-8" standalone="yes"?>
<addon id="plugin.video.ADDONV7"
       name="[COLOR white][B]ADDON[/B][/COLOR][COLOR white][B]|[/B][/COLOR][COLOR white][B]V7[/B][/COLOR]"
       version="2.0"
       provider-name="VICTOR MANOEL">
  <requires>
    <import addon="xbmc.python" version="2.1.0"/>
    <import addon="script.module.beautifulsoup" version="3.2.1"/>
    <import addon="script.module.simple.downloader" version="0.9.4"/>
    <import addon="script.module.beautifulsoup4" />
    <import addon="script.module.requests" />
    <import addon="script.module.httplib2" />
    <import addon="script.module.liveresolver" version="0.1.24" optional="true"/>
    <import addon="script.module.youtube.dl" optional="true"/>
    <import addon="plugin.video.youtube" optional="true" />
	<import addon="plugin.video.SportsDevil" optional="true" />
    <import addon="script.module.urlresolver" optional="true"/>
    <import addon="script.module.simplejson" />    
     <import addon="script.module.livestreamer" optional="true"/>
     <import addon="script.module.pyamf" optional="true"/>
  </requires>
  <extension point="xbmc.python.pluginsource" library="default.py">
    <provides>video</provides>
  </extension>
  
  	
  <extension point="xbmc.addon.metadata">
  
    <summary></summary>
	
    <description>Sobre O ADDON|V7
Nós não transmitimos nenhum desses streams, os canais aqui contidos já estão na internet e são colocados aqui através de códigos, pra você assistir com sua família no conforto da sua casa, ou em qualquer lugar.</description>
    <platform>all</platform>
  </extension>
</addon>



